8.560917065402005033e-01,7.352648165682220682e-01,8.588441146281013960e-01,5.223572287289572902e-01,5.289794336266624430e-01,5.305419612043700273e-01,8.636274475053544730e-01,6.345949801463649509e-01,5.274564356452349223e-01,5.455435852688337306e+00,5.534041958000451622e+00,5.381451813492689418e+00,5.394223022561910774e+00,4.973462925792901501e+00,5.199917498780202152e+00,5.305328474311155063e+00,5.046850946189624487e+00,5.289704232521742711e+00,2.492578280696497117e+00,2.777216807847045388e+00,2.754594777000354711e+00,2.894199174678098174e+00,2.869714939859345115e+00,2.877887633193946915e+00,2.669002018502615314e+00,2.663682804794060832e+00,2.710811656046089091e+00,2.288116715101748522e+00,2.329772382288390897e+00,2.450887826561256588e+00,1.502950767288493417e+00,1.623477348071662885e+00,1.654589777475059531e+00,2.883106959151917614e+00,2.861369065654197907e+00,2.824453024353518416e+00,3.783170113527206668e-01,4.092580393750507861e-01,4.097128992862829056e-01,9.927720519534113386e-01,7.301840790370436318e-01,1.003007089639236238e+00,0.000000000000000000e+00,0.000000000000000000e+00,0.000000000000000000e+00,3.783170113527206668e-01,4.092580393750507861e-01,4.097128992862829056e-01
8.563131244622845806e-01,4.508882922817342154e-01,8.589416441601729346e-01,5.221111826707109937e-01,1.100000000000001116e-01,5.300994558141003399e-01,5.790940791337714083e-02,2.306873368548201797e-01,8.365760342267174465e-01,5.605348100463004357e+00,5.758079611699862710e+00,5.848302359328945599e+00,5.462631679751575930e+00,5.531972671556947496e+00,5.608923201856041985e+00,5.314878494897671501e+00,5.065680416873041381e+00,5.263362013895455327e+00,2.769321330028407857e+00,2.619319105154623184e+00,2.727384943275606766e+00,2.881713566501557189e+00,2.863213160011076841e+00,2.896476753225762923e+00,2.744230977833623797e+00,2.689285604097398252e+00,2.792245863498004521e+00,2.409974148954376894e+00,2.405917831161866083e+00,2.572017915624691398e+00,1.815734082751284451e+00,1.776621210108944027e+00,1.671750547507832918e+00,2.637607686041723909e+00,2.550950543130955150e+00,2.698807221914645282e+00,3.780244066072756537e-01,4.088872346638043331e-01,4.089615111330704988e-01,9.829983503907359088e-01,1.003326660174806761e+00,1.003194354681620659e+00,0.000000000000000000e+00,0.000000000000000000e+00,0.000000000000000000e+00,3.780244066072756537e-01,4.088872346638043331e-01,4.089615111330704988e-01
8.541666179302831452e-01,4.836674578085180531e-01,8.556011122603965902e-01,5.240893582364011261e-01,5.288692219231200253e-01,5.301362869875325678e-01,1.002125629864506040e+00,7.418049090726935857e-01,1.008990834735690623e+00,5.755491814773662895e+00,5.527911513403037880e+00,5.668871500113453976e+00,4.882144527847037452e+00,4.704314341424000290e+00,5.000131141106696653e+00,5.235437352476965955e+00,5.315555997164530311e+00,5.312957981201869906e+00,2.631614264825854477e+00,2.674911559664280958e+00,2.643459635063035940e+00,2.796393816040479319e+00,2.823888747363797247e+00,2.806834928984283106e+00,2.674727869253126666e+00,2.774382384738101504e+00,2.755748267045681210e+00,2.298487822694724958e+00,2.425411332617741778e+00,2.523140564254336748e+00,1.782782040747008523e+00,1.688925187052308541e+00,1.794693483109775833e+00,2.963747551838515015e+00,2.841017256118840262e+00,2.966446409546852792e+00,3.791740488882021087e-01,4.091813159258863020e-01,4.086060627455126992e-01,9.915082623789146510e-01,7.308765291296241973e-01,1.003307217750726732e+00,0.000000000000000000e+00,0.000000000000000000e+00,0.000000000000000000e+00,3.791740488882021087e-01,4.091813159258863020e-01,4.086060627455126992e-01
8.541027969929368968e-01,6.562092172475572083e-01,8.587000657606500553e-01,5.237179996664714787e-01,5.300067189880145468e-01,5.298551488499981810e-01,9.319926776954575720e-01,3.424538116645020613e-01,3.916876466836144433e-01,5.682780898375286327e+00,5.660516306909519457e+00,5.460422724595257016e+00,5.401697147471439919e+00,5.221867436530357232e+00,5.471625818056580215e+00,5.283580603827537914e+00,5.228319994119147829e+00,5.283998643782352289e+00,2.731385860087089057e+00,2.700221903803033729e+00,2.804658482368195482e+00,2.902639787920245240e+00,2.865097132901142096e+00,2.849818913979956125e+00,2.776543221886136781e+00,2.599421537095804702e+00,2.692732415813549274e+00,2.458661355891100797e+00,2.457723397811233834e+00,2.463271495998083260e+00,1.721603610735958245e+00,1.704580375090155142e+00,1.774506525811313740e+00,2.761366747027016011e+00,2.847940169302522584e+00,2.777361787732273157e+00,3.824201631400165891e-01,4.050625266337554153e-01,4.096411488872956363e-01,9.953301171412950454e-01,7.305818871772001843e-01,1.003342010483465163e+00,0.000000000000000000e+00,0.000000000000000000e+00,0.000000000000000000e+00,3.824201631400165891e-01,4.050625266337554153e-01,4.096411488872956363e-01
8.556934368659325774e-01,5.579099147721935381e-01,8.590323886327506653e-01,5.264737944223861765e-01,5.284522182061132112e-01,5.302100525867792236e-01,1.004821806883649415e+00,6.608364464270871652e-01,1.011088982891720667e+00,5.383801020115084768e+00,5.324086191215574360e+00,5.379050021137546267e+00,5.395052040063033516e+00,5.489133977144977194e+00,5.227428293160880202e+00,5.124230107123325162e+00,5.073673600641187775e+00,5.163411692131488095e+00,2.814066050034945476e+00,2.816172968406368327e+00,2.724246789792577506e+00,2.840250140039638715e+00,2.886396687184282328e+00,2.883380075438465528e+00,2.762542456952526315e+00,2.733111241371635192e+00,2.777685305693506024e+00,2.206810236683903526e+00,2.329121924748350558e+00,2.377543488002662020e+00,1.832599236403629206e+00,1.725627042253836674e+00,1.821406757666061749e+00,2.962431261312408637e+00,2.912369213108507271e+00,3.008912113780218611e+00,3.817072784638799732e-01,4.080728073926477295e-01,4.088987364367583921e-01,9.940127954150466127e-01,7.307218115259046520e-01,1.003338578867940978e+00,0.000000000000000000e+00,0.000000000000000000e+00,0.000000000000000000e+00,3.817072784638799732e-01,4.080728073926477295e-01,4.088987364367583921e-01
8.534132497347282076e-01,4.425092279858764965e-01,8.605524515189613144e-01,5.212468901762785656e-01,5.294274415716039295e-01,5.304922650594419142e-01,8.659557506206631006e-01,1.922846032496965674e-01,9.925389291032409300e-01,5.544537832136423816e+00,5.378656853994398190e+00,5.405376887104825556e+00,5.681590814172399639e+00,5.288100701454192532e+00,5.583955424515309574e+00,5.276602141951410196e+00,5.331447809271567806e+00,5.244949645466031818e+00,2.755374143527034025e+00,2.659355243519167633e+00,2.753862162214604226e+00,2.880936392668252743e+00,2.895711286464637713e+00,2.891742683908272493e+00,2.407346859308860054e+00,2.408230307155648120e+00,2.569967488595556571e+00,2.462358255046757538e+00,2.485378292432276037e+00,2.486576712939495781e+00,1.662884877781838355e+00,1.690655092301105888e+00,1.794012987683428983e+00,2.717333693333222389e+00,2.715961960732874214e+00,2.695184760214062170e+00,3.554289090238925697e-01,4.054001259534506518e-01,4.099290293327119139e-01,9.898306164503697380e-01,7.270928952489661423e-01,1.003327915078754629e+00,0.000000000000000000e+00,0.000000000000000000e+00,0.000000000000000000e+00,3.554289090238925697e-01,4.054001259534506518e-01,4.099290293327119139e-01
8.517286437058817494e-01,4.401716829337981030e-01,8.597431645455484439e-01,5.215876792964426745e-01,5.284861654946294562e-01,5.298351008766305492e-01,9.961419244803901840e-01,3.647968059415219733e-01,6.991182853154707111e-01,5.642534284161900615e+00,5.595076006759597931e+00,5.593537383229827853e+00,4.746421549151082608e+00,4.826957658698599829e+00,4.781734799076618359e+00,5.233749612486944258e+00,5.153703356893538867e+00,5.257760098595741560e+00,2.721059608035763411e+00,2.672111316932079372e+00,2.724065476164305721e+00,2.843291930437159998e+00,2.852415728938566541e+00,2.884324598402629114e+00,2.640552004608632153e+00,2.590252303971904979e+00,2.506287989665596960e+00,2.488171322020403142e+00,2.592900288409233145e+00,2.290288760831044268e+00,1.704634822277933726e+00,1.684123026079092700e+00,1.737035739736290552e+00,2.826822681080762845e+00,2.920958431610590988e+00,2.864125254517563501e+00,3.650023949297923065e-01,4.066195121097645471e-01,4.056782250796425737e-01,9.903565331470298716e-01,7.285804515264366898e-01,1.003453266497090546e+00,0.000000000000000000e+00,0.000000000000000000e+00,0.000000000000000000e+00,3.650023949297923065e-01,4.066195121097645471e-01,4.056782250796425737e-01
8.534169505386287602e-01,7.047187788935792563e-01,8.565671856792481664e-01,5.236752433709495058e-01,5.302593298050661819e-01,5.304634311439414551e-01,9.906354852207391870e-01,3.850377373048019525e-01,9.420567240696546829e-01,5.663156703958240001e+00,5.707252489548596763e+00,5.483831008069203428e+00,5.222285771245005925e+00,5.405148636778874582e+00,5.399154462727975279e+00,5.244115875610973809e+00,5.078266859939183142e+00,5.100886763699818971e+00,2.609102048911002392e+00,2.706960583898855965e+00,2.742751157342252277e+00,2.856136342213778434e+00,2.861629823371690584e+00,2.884184148413759807e+00,2.839935504564117252e+00,2.617457688038581143e+00,2.696363910386545104e+00,2.273446806759516381e+00,2.252805757319819246e+00,2.358030483949253853e+00,1.602022604327189237e+00,1.493767172501560880e+00,1.494184709910204800e+00,2.805529127266127798e+00,2.790745571141114212e+00,2.850962481243347391e+00,3.619198841369971609e-01,4.056450039887250503e-01,4.069340776267612036e-01,9.925829725979170570e-01,7.296791935604997059e-01,1.003420319031032237e+00,0.000000000000000000e+00,0.000000000000000000e+00,0.000000000000000000e+00,3.619198841369971609e-01,4.056450039887250503e-01,4.069340776267612036e-01
8.493818114066559177e-01,4.782857843976580092e-01,8.573165308022003828e-01,5.232799565758667892e-01,2.865873861119512811e-01,5.299495445481355871e-01,9.749326629599899263e-01,1.378429951626931604e-01,3.919614722605994639e-01,5.458904333256245245e+00,5.477741607261920720e+00,5.497416630326603659e+00,5.469811337711677268e+00,5.595845495317086637e+00,5.615978524788199699e+00,5.273444883845368025e+00,5.247066981327654034e+00,5.386024273542842522e+00,2.733358123894260139e+00,2.675768550394723277e+00,2.707517589214580411e+00,2.830767371741536920e+00,2.876503607551988750e+00,2.880390491055317082e+00,2.499736866934940682e+00,2.551105232777496123e+00,2.715227638931252852e+00,2.279608567508597528e+00,2.399415590760268557e+00,2.333756975681935408e+00,1.748431366322663827e+00,1.625157634998166234e+00,1.636483412642041557e+00,2.727448254008961293e+00,2.883288679323074977e+00,2.955349176688788937e+00,3.768293580393052289e-01,4.079485388950370162e-01,4.089283320357184337e-01,9.865021468340215982e-01,7.284872691390826827e-01,1.003661291443507464e+00,0.000000000000000000e+00,0.000000000000000000e+00,0.000000000000000000e+00,3.768293580393052289e-01,4.079485388950370162e-01,4.089283320357184337e-01
8.505932102183103583e-01,3.268448457280695441e-01,8.586368384266533926e-01,5.228337718778999221e-01,5.297068187263795913e-01,5.303412649551120239e-01,1.004346468163607842e+00,3.847147483441620275e-01,8.433314988624622810e-01,5.492854045163925392e+00,5.408979663616606537e+00,5.602040235467543816e+00,5.327755159942983099e+00,5.189669922687857095e+00,5.453936389157737707e+00,5.217115858702804587e+00,5.103490618161409920e+00,5.271083466108340332e+00,2.743491410801638608e+00,2.709254988685287469e+00,2.683947004029957117e+00,2.873239903083003810e+00,2.873137868809831907e+00,2.854366436578231525e+00,2.711717288783974666e+00,2.597573763516322742e+00,2.695242773314687756e+00,2.351647315418033735e+00,2.363077158610646045e+00,2.443479007418317472e+00,1.634199762989626326e+00,1.618205814778705509e+00,1.705578160305667446e+00,2.704577843616482458e+00,2.815158462588037480e+00,2.665687136191666529e+00,3.682370021302250329e-01,4.072638471300310536e-01,4.085541171828891427e-01,9.876968725419607020e-01,1.002762891690774705e+00,1.003394077185410183e+00,0.000000000000000000e+00,0.000000000000000000e+00,0.000000000000000000e+00,3.682370021302250329e-01,4.072638471300310536e-01,4.085541171828891427e-01
8.542450498633359368e-01,3.896597665833747004e-01,8.590888610345617238e-01,5.216653566960040012e-01,5.299776943407004115e-01,5.300184108702760133e-01,9.958275300115915218e-01,6.387965527037233748e-01,1.011090161890419115e+00,5.617964201891106235e+00,5.636334962815238825e+00,5.613587251383641785e+00,5.557663729944294140e+00,5.355309201310619827e+00,5.521051455698581911e+00,5.276028047062574444e+00,5.100594107927149068e+00,5.300715314362333785e+00,2.766480138309487025e+00,2.665879198994419497e+00,2.724309021007977005e+00,2.865941509213641325e+00,2.773119207302302325e+00,2.864885484091816537e+00,2.766347108792252207e+00,2.822636310446485552e+00,2.666467783356695875e+00,2.286384239228342441e+00,2.425511690387990971e+00,2.448423234714745877e+00,1.833502799667405148e+00,1.814554205942081389e+00,1.853800879609189378e+00,2.825265436540420616e+00,2.834098370857836890e+00,2.885069600100958809e+00,3.765404787276628862e-01,4.057770615306689477e-01,4.087004910072971620e-01,9.927387838145979027e-01,1.002886531628675915e+00,1.003305206074945888e+00,0.000000000000000000e+00,0.000000000000000000e+00,0.000000000000000000e+00,3.765404787276628862e-01,4.057770615306689477e-01,4.087004910072971620e-01
8.512742593493251020e-01,4.578585322685277958e-01,8.584112333607787360e-01,5.237694675500993435e-01,5.290735501679556529e-01,5.304041680355771060e-01,9.077369633631472423e-01,8.763891972915950346e-01,3.711614920870408563e-01,5.351899909580581927e+00,5.356313750034169985e+00,5.411883721557417815e+00,5.091819307445516252e+00,5.412003043483487374e+00,5.570947963866158759e+00,5.300038589829695113e+00,5.017449631172889113e+00,5.336949725934614364e+00,2.770826259398338376e+00,2.759095745424841262e+00,2.734240490120701139e+00,2.869697622323512221e+00,2.874313722875080135e+00,2.885708133100867379e+00,2.771510632578611855e+00,2.729504459500565972e+00,2.738778055785103582e+00,2.314832427116513269e+00,2.559150680343537321e+00,2.525043160656020635e+00,1.774717632734796435e+00,1.513373430263331709e+00,1.697534929457338304e+00,2.871704753315263314e+00,2.858319020316506975e+00,2.865882535687070742e+00,3.789084687521470096e-01,4.075818351178630561e-01,4.088233722320800956e-01,9.954900980351137907e-01,1.002712255829609322e+00,1.003331816614660088e+00,0.000000000000000000e+00,0.000000000000000000e+00,0.000000000000000000e+00,3.789084687521470096e-01,4.075818351178630561e-01,4.088233722320800956e-01
8.524892388217943928e-01,4.325991854333299802e-01,8.587686541718579925e-01,5.276910912763189687e-01,5.283053047564834070e-01,5.300437330109301071e-01,4.375923365860256986e-01,3.913033951374451647e-01,6.378647443674578810e-01,5.537569516153014071e+00,5.361025008173299966e+00,5.564876587679658648e+00,5.339132158517566396e+00,5.442938946508215636e+00,5.510887226454174836e+00,5.287253140987544953e+00,4.888112693932917807e+00,5.246435985579365635e+00,2.694495417549124472e+00,2.562592832552121003e+00,2.736495668030166417e+00,2.900801426158456486e+00,2.874409574211858054e+00,2.776148763569134204e+00,2.638926621557641905e+00,2.601696685196808634e+00,2.714490434023969723e+00,2.282466979008431540e+00,2.270941533810477697e+00,2.337568791808240398e+00,1.777618221302908141e+00,1.862252005892536477e+00,1.846172954671284838e+00,2.883637504737098567e+00,2.934040297987916546e+00,2.904588578895539897e+00,3.789202305610342991e-01,4.067860194351927694e-01,4.085160062421317462e-01,9.929331476697391690e-01,7.285292656488268070e-01,1.003401512676342477e+00,0.000000000000000000e+00,0.000000000000000000e+00,0.000000000000000000e+00,3.789202305610342991e-01,4.067860194351927694e-01,4.085160062421317462e-01
8.512687876017618338e-01,6.657583149194413741e-01,8.601522318205722106e-01,5.234720874810678826e-01,5.031944712981720746e-01,5.303857835940783971e-01,9.777758256564760275e-01,3.140163400864972032e-01,6.912994849133251574e-01,5.295362875129371538e+00,5.425438680605564556e+00,5.308157327459461783e+00,5.166579120300585082e+00,5.159332231685004544e+00,5.502020492546271235e+00,5.319977585187373847e+00,5.170706851278601413e+00,5.338346085743027380e+00,2.674484011413107876e+00,2.816021372274772006e+00,2.744448228334286366e+00,2.853277635647468724e+00,2.829021420557106925e+00,2.867463750330473626e+00,2.671937321962181588e+00,2.839309718337255983e+00,2.705420416558318664e+00,2.330694848178401113e+00,2.583722464764907301e+00,2.674688902346567865e+00,1.625772762967423679e+00,1.681909944788857914e+00,1.995584207992305181e+00,3.005829624490160334e+00,2.670473478587425564e+00,2.713242558001185412e+00,3.721340762221901910e-01,4.064644429637793710e-01,4.088960835165855734e-01,9.915501009763842966e-01,7.265599365090342765e-01,1.003176609679284015e+00,0.000000000000000000e+00,0.000000000000000000e+00,0.000000000000000000e+00,3.721340762221901910e-01,4.064644429637793710e-01,4.088960835165855734e-01
8.534684975423600939e-01,2.296986570381577830e-01,8.592142935209829968e-01,5.238710956268101127e-01,5.301838736047693734e-01,5.304051312795895479e-01,4.960070379832516863e-01,8.802629140748067238e-01,9.564335874466244336e-01,5.390029392225045513e+00,5.398806903812555014e+00,5.428213173742637565e+00,5.346930753668763359e+00,5.534871601640761085e+00,5.543603846743868857e+00,5.235925167024001681e+00,4.944795771183860822e+00,5.155751039278014147e+00,2.768477621773580477e+00,2.721551531389749812e+00,2.685870452193048319e+00,2.879646431068029422e+00,2.847470619788638135e+00,2.859669922296028677e+00,2.822426728009240549e+00,2.749837431275082622e+00,2.769104457398273045e+00,2.376731718705656249e+00,2.419582327620730222e+00,2.540876416636255630e+00,1.698587113950814853e+00,1.587967376024906674e+00,1.618439002878960142e+00,2.792617516734305472e+00,2.870832343182264879e+00,2.911007259074851028e+00,3.785143545718647751e-01,4.075290523164231127e-01,4.081351480606718041e-01,9.884289066985297856e-01,7.299544513661192502e-01,1.003597007991106294e+00,0.000000000000000000e+00,0.000000000000000000e+00,0.000000000000000000e+00,3.785143545718647751e-01,4.075290523164231127e-01,4.081351480606718041e-01
8.571509704004376395e-01,4.250385640021185352e-01,8.590725809635638699e-01,5.250040726683062875e-01,5.302465563224487699e-01,5.300786878150678394e-01,6.305318198294231902e-01,3.651617700417023604e-01,1.008330741287287058e+00,5.600589270238889306e+00,5.446229154185662225e+00,5.401837429427985171e+00,4.535999296284241034e+00,4.637112478513811809e+00,4.822630874948004909e+00,5.219762113716826413e+00,5.132428823906332482e+00,5.285229626091062727e+00,2.644339958358083109e+00,2.594185449700030066e+00,2.674068266814822792e+00,2.868452514451115931e+00,2.868261140638530549e+00,2.880876097161858773e+00,2.716147398007169311e+00,2.787424690955901063e+00,2.696081374109883022e+00,2.417519189591394557e+00,2.479012016729245982e+00,2.725346748245954132e+00,1.962492179346984944e+00,1.519694342839558399e+00,1.630192976501716906e+00,2.780370826840526277e+00,2.764265288611964966e+00,2.807969644210466686e+00,3.628449026383679943e-01,4.072243347354249088e-01,4.082496304821420785e-01,9.916681536407458974e-01,7.288870864180925224e-01,1.003706210877521432e+00,0.000000000000000000e+00,0.000000000000000000e+00,0.000000000000000000e+00,3.628449026383679943e-01,4.072243347354249088e-01,4.082496304821420785e-01
8.546445855866358077e-01,6.813256926306254790e-01,8.589221312883466020e-01,5.229169896017979990e-01,1.145466467946070765e-01,5.305890869913981733e-01,9.852075307996379649e-01,9.370161519400009575e-02,6.035838226284468977e-01,5.706020829889602908e+00,5.544930625089648402e+00,5.646742874548941415e+00,5.434158435674880216e+00,5.332564761848286317e+00,5.393664212911394529e+00,5.382119415008419949e+00,5.147795095398326026e+00,5.316589373917945061e+00,2.644923769790024082e+00,2.663311106161064146e+00,2.764648685744267809e+00,2.863753380054133491e+00,2.887381320658713335e+00,2.855337298773969579e+00,2.888445133065051351e+00,2.901806479653670667e+00,2.837591943562101537e+00,2.473198526696427368e+00,2.526959960783351278e+00,2.374587567868064131e+00,1.687797412227037164e+00,1.724905425501115142e+00,1.668963712618539930e+00,2.886193055883530256e+00,2.859551820515555232e+00,2.854308342902412310e+00,3.700876160278320226e-01,4.071608055671254167e-01,4.104513837589591763e-01,9.956524976781369052e-01,9.984609486646291998e-01,1.003343065537695145e+00,0.000000000000000000e+00,0.000000000000000000e+00,0.000000000000000000e+00,3.700876160278320226e-01,4.071608055671254167e-01,4.104513837589591763e-01
8.533889168782264889e-01,4.832544068392414793e-01,8.560209381252158467e-01,5.227838412082282948e-01,4.615517193837301857e-01,5.303738298659030903e-01,9.199747552774205639e-01,2.730990593194702609e-01,9.819299798004387236e-01,5.481648630094600350e+00,5.562964866151127730e+00,5.452411533970014546e+00,5.230978039146240377e+00,4.990547561735196425e+00,5.348410815565567411e+00,5.292374452786340555e+00,5.099168879093384454e+00,5.293086429179137298e+00,2.651913647964554421e+00,2.500299931238017415e+00,2.721643132654247399e+00,2.853461481703889469e+00,2.870388462541457297e+00,2.894638054829942408e+00,2.904855104254031595e+00,2.930066206186658917e+00,2.993277175352276664e+00,2.488942834830643491e+00,2.335989203801829728e+00,2.258132638741483955e+00,1.546103671661249734e+00,1.553030854818216566e+00,1.516689404551774700e+00,2.767916266866681685e+00,2.607410892154317761e+00,2.764644271410111376e+00,3.571647374975946421e-01,4.056807144016602029e-01,4.093176435499588650e-01,9.912426862829674112e-01,4.710431798614033161e-01,1.003257294346830308e+00,0.000000000000000000e+00,0.000000000000000000e+00,0.000000000000000000e+00,3.571647374975946421e-01,4.056807144016602029e-01,4.093176435499588650e-01
8.554828213993020958e-01,5.123349220916640911e-01,8.575995212883352758e-01,5.202816177099200967e-01,1.947948957442307005e-01,5.298547949942858937e-01,9.782715770108256770e-01,1.572654499563240216e-01,9.990688043546450681e-01,5.402623623287691856e+00,5.233534145661943526e+00,5.231478341987886083e+00,5.365355281511579477e+00,4.975921153129516661e+00,5.607254649089414400e+00,5.246703252287922226e+00,5.173340475723493093e+00,5.266028500692756964e+00,2.690298186667598124e+00,2.708304725878337926e+00,2.628916773900368042e+00,2.882357861198995508e+00,2.901918283298963175e+00,2.872004238787632335e+00,2.809209344749246107e+00,2.758513108944645076e+00,2.735352990963337838e+00,2.557064645428600347e+00,2.425817931669302929e+00,2.475180217341952815e+00,1.942059725733713771e+00,1.853546777998185124e+00,1.930513619087060206e+00,2.972151782310776813e+00,2.909172745347061273e+00,2.896286173524281082e+00,3.715181382508709329e-01,4.092864884041900186e-01,4.095006559801207535e-01,9.914754302269824793e-01,7.288068837040961867e-01,1.002946520012429232e+00,0.000000000000000000e+00,0.000000000000000000e+00,0.000000000000000000e+00,3.715181382508709329e-01,4.092864884041900186e-01,4.095006559801207535e-01
8.556098519546521119e-01,6.146667161233420051e-01,8.544485842639348849e-01,5.219445731304196423e-01,5.103433973559252657e-01,5.297955779916974084e-01,6.621120719585055214e-01,3.379881845793387685e-01,8.796093258731446651e-01,5.322429353081773229e+00,5.665743700562837049e+00,5.368243147176340102e+00,5.497608590907349324e+00,5.434120951251574461e+00,5.694281825447641943e+00,5.347736911256748549e+00,5.312352485359888909e+00,5.280085626304293456e+00,2.720376206352379089e+00,2.710557982484738559e+00,2.637969902672157030e+00,2.819555590727826466e+00,2.886337629403605387e+00,2.858270740696797763e+00,2.766408333913157769e+00,2.707661376114949725e+00,2.893209063064845044e+00,2.613530693649389391e+00,2.716401837296050559e+00,2.556994954397877606e+00,1.774866039007176433e+00,1.718892043249446111e+00,1.823830061070502051e+00,2.660378617617626507e+00,2.744143805295232941e+00,2.693155422051252579e+00,3.685747205864972620e-01,4.023308541106035974e-01,4.073875932949052037e-01,9.948334283491885310e-01,7.279047342711499891e-01,1.003505033408794045e+00,0.000000000000000000e+00,0.000000000000000000e+00,0.000000000000000000e+00,3.685747205864972620e-01,4.023308541106035974e-01,4.073875932949052037e-01
8.519146874300063121e-01,3.332026462725868332e-01,8.578615342234159336e-01,5.244436908106686612e-01,5.300790802312629335e-01,5.297512530471484293e-01,9.970146929215044640e-01,1.935343140125284078e-01,1.000916995190324066e+00,5.654756577140092055e+00,5.397020288791360088e+00,5.603330378637176423e+00,4.906845531942275684e+00,4.931514193197540585e+00,4.902214182946421417e+00,5.311407257923515424e+00,4.949400445244727997e+00,5.360517892512453919e+00,2.752190122751509538e+00,2.765138073688481857e+00,2.873340858704102274e+00,2.825345992017210595e+00,2.871435063482667971e+00,2.869249205736159158e+00,2.815368196302901804e+00,2.804438863543870841e+00,2.970033926266893332e+00,2.340478152400083278e+00,2.455684360651854803e+00,2.534242799352494302e+00,1.688178086484903417e+00,1.764985106962143391e+00,1.741018943063697977e+00,2.794527886972148600e+00,2.814261878543177442e+00,2.856084583223197804e+00,3.710763264005314532e-01,4.078890466869540266e-01,4.093932594125865299e-01,9.930892204072095941e-01,7.253565575653309061e-01,1.003710884251649116e+00,0.000000000000000000e+00,0.000000000000000000e+00,0.000000000000000000e+00,3.710763264005314532e-01,4.078890466869540266e-01,4.093932594125865299e-01
8.545584141737763151e-01,2.776153539183422447e-01,8.606048206797481948e-01,5.244981315436322289e-01,5.293302773203368838e-01,5.303945326623354939e-01,2.641364632414158198e-01,1.596566689249722115e-01,9.959294935116999037e-01,5.365008033321196024e+00,5.332230845223564941e+00,5.455713453495889098e+00,5.428795460725465816e+00,5.508987453928026135e+00,5.517255326238038826e+00,5.306386557135130744e+00,4.949665527643290375e+00,5.253715564661836979e+00,2.770866410414619452e+00,2.833908608722239819e+00,2.808987135738631125e+00,2.787584424885686474e+00,2.893849562462580849e+00,2.851906787652313202e+00,2.767979542636845647e+00,2.765276626146580874e+00,2.736615738392374819e+00,2.412826426882428876e+00,2.481169542488447455e+00,2.314476447513936552e+00,1.906222732290503430e+00,1.824000113776881538e+00,1.768534638162712724e+00,2.895375162285950488e+00,2.883957796219868364e+00,2.900887097059459574e+00,3.784125835123305914e-01,4.072128172497491150e-01,4.091159327405932689e-01,9.898978089115469947e-01,1.002733876428636872e+00,1.003275751164195650e+00,0.000000000000000000e+00,0.000000000000000000e+00,0.000000000000000000e+00,3.784125835123305914e-01,4.072128172497491150e-01,4.091159327405932689e-01
8.529530807020782035e-01,3.634953417905643636e-01,8.572166470052510201e-01,5.248060983875136865e-01,5.293794672334776186e-01,5.300769873548694111e-01,6.913339633151940333e-01,2.543751688389449539e-01,5.456940804397373279e-01,5.374831060984663900e+00,5.392170883762430478e+00,5.453656108087463927e+00,5.366306900134148350e+00,5.499765627423784942e+00,5.621883853297038769e+00,5.315909316010969832e+00,5.126108664640468326e+00,5.318141283010390019e+00,2.671414636161612677e+00,2.705462555566628957e+00,2.718784659111775248e+00,2.813537008888066016e+00,2.873049261117698538e+00,2.818479509761423252e+00,2.688448430333777228e+00,2.708671699862873261e+00,2.698951014872681853e+00,2.409885572106052365e+00,2.333991975935288732e+00,2.320548413994778958e+00,1.732633723193504061e+00,1.669688632436116205e+00,1.675880838068285694e+00,2.843687462706496305e+00,2.867809930008333286e+00,2.856785789630345462e+00,3.643105206991782974e-01,4.076757971427367178e-01,4.101783476018351360e-01,9.892915887891160498e-01,1.003032750077522461e+00,1.002907461531478361e+00,0.000000000000000000e+00,0.000000000000000000e+00,0.000000000000000000e+00,3.643105206991782974e-01,4.076757971427367178e-01,4.101783476018351360e-01
8.546748179215625241e-01,3.797822392097264799e-01,8.582713322980681792e-01,5.242950937956237789e-01,5.288364072966057483e-01,5.296487924999854213e-01,9.851762432472691566e-01,1.650258566401576754e-01,8.806562236151894707e-01,5.555846280479064703e+00,5.551765553916614415e+00,5.510743023467007617e+00,5.075079915663547325e+00,5.023902699336790789e+00,5.257485982297280813e+00,5.319980151279751546e+00,5.109780138454023124e+00,5.313148506790661862e+00,2.760061303966402591e+00,2.660812929089010570e+00,2.776418712017707069e+00,2.887694628232448490e+00,2.885931880548863404e+00,2.852501923460827982e+00,2.689243718567048802e+00,2.756285681157791601e+00,2.623260667060764995e+00,2.278773147516575115e+00,2.322519120062151554e+00,2.642999761130374381e+00,1.754553674517250528e+00,1.794384099417727807e+00,1.625045871550183207e+00,2.792048013563422248e+00,2.719830657269527219e+00,2.727804923112974400e+00,3.825045226995561487e-01,4.078448969419097292e-01,4.091884348437591634e-01,9.944081434306777378e-01,7.287999866589688347e-01,1.003161526189932040e+00,0.000000000000000000e+00,0.000000000000000000e+00,0.000000000000000000e+00,3.825045226995561487e-01,4.078448969419097292e-01,4.091884348437591634e-01
8.545627882176837220e-01,6.252004132566293393e-01,8.572784677466737113e-01,5.218297120350732232e-01,4.424903703802267607e-01,5.303865148394201201e-01,8.449944203500852069e-01,3.325946806833350311e-01,9.340769217705645611e-01,5.310348406271348409e+00,5.224401833039975074e+00,5.294145770915765326e+00,5.026499906566144205e+00,5.367357118688404150e+00,5.509155349571077664e+00,5.231808065159292198e+00,5.227624326467903870e+00,5.304582222058190411e+00,2.662036190067805563e+00,2.687756243272926060e+00,2.593475743990756754e+00,2.898913190890713754e+00,2.893399373235746364e+00,2.830403472499413819e+00,2.787889086299357722e+00,2.698633649836664539e+00,2.743463851103227213e+00,2.350286471146092904e+00,2.309888917539656639e+00,2.245229344535510041e+00,1.532795940913158628e+00,1.502906316937012043e+00,1.569630703640803038e+00,2.720565189268203898e+00,2.712902000074979725e+00,2.724316241478303091e+00,3.695265189156836105e-01,4.073924020903321730e-01,4.069430935898105117e-01,9.881972410675681218e-01,7.265397905271183676e-01,1.003277492236850810e+00,0.000000000000000000e+00,0.000000000000000000e+00,0.000000000000000000e+00,3.695265189156836105e-01,4.073924020903321730e-01,4.069430935898105117e-01
8.528289034891582965e-01,5.554596086442924463e-01,8.555369561530157263e-01,5.230290693794763524e-01,5.149728440794529849e-01,5.300352659806366606e-01,9.973875231946487396e-01,3.860412396157367199e-01,4.701334199653379731e-01,5.432506372906063419e+00,5.371178207380882696e+00,5.470061380999391432e+00,5.364056994748274576e+00,5.596779191476707993e+00,5.455099381647375623e+00,5.239170946742687462e+00,5.160405786798079930e+00,5.268864920794489315e+00,2.707688330289110823e+00,2.823073296980009417e+00,2.606770013387662122e+00,2.881746779209007681e+00,2.788017268451144393e+00,2.815428528545252274e+00,2.722532914874018051e+00,2.757508234486771848e+00,2.799188791660709885e+00,2.372930025964925971e+00,2.316608208438781347e+00,2.156620530535945157e+00,1.618689204783175128e+00,1.641735737693880814e+00,1.636308421809444358e+00,2.810274680930012536e+00,2.712011953251712182e+00,2.747589841927793763e+00,3.808384292544284566e-01,4.082776344786033240e-01,4.084586335452766725e-01,9.948423952616374244e-01,7.268104915206370364e-01,1.003170966165636280e+00,0.000000000000000000e+00,0.000000000000000000e+00,0.000000000000000000e+00,3.808384292544284566e-01,4.082776344786033240e-01,4.084586335452766725e-01
8.515666695932275765e-01,7.004291786242617945e-01,8.511510474037512486e-01,5.240288699668467221e-01,5.286974404904076774e-01,5.304706148192833703e-01,5.949311318693454309e-01,1.752002566363491387e-01,6.468185052856716410e-01,5.519475868738947355e+00,5.294213831376401558e+00,5.510918297244394637e+00,5.182561565744559395e+00,5.229408841392903184e+00,5.619270003060169216e+00,5.303597572326435916e+00,5.352269379701502849e+00,5.323892588570473983e+00,2.811278140963760830e+00,2.756527957234550463e+00,2.796756710899698017e+00,2.843510346893905805e+00,2.762939699180927633e+00,2.841636845268672218e+00,2.840894342938105055e+00,2.580711570615252359e+00,2.865127264779655736e+00,2.320258919624876182e+00,2.315238809750392868e+00,2.264940160026055693e+00,1.706429605199315525e+00,1.711947138006065128e+00,1.733055809992999796e+00,2.866401730756271249e+00,2.908312661233236618e+00,2.890925934589731572e+00,3.708329263745037685e-01,4.083228288935027428e-01,4.081850988857804174e-01,9.869469879871747287e-01,7.286811114342710560e-01,1.003261949600690706e+00,0.000000000000000000e+00,0.000000000000000000e+00,0.000000000000000000e+00,3.708329263745037685e-01,4.083228288935027428e-01,4.081850988857804174e-01
8.536590662841859745e-01,5.539711717681430336e-01,8.592973031978432541e-01,5.232070603526111086e-01,1.330662535489102183e-01,5.305308006611472171e-01,9.740672893040365210e-01,2.385438228166366637e-01,3.884818472076823070e-01,5.345038454922525162e+00,5.432969880488732528e+00,5.356811664591124789e+00,5.141637479634114882e+00,5.621659643794624017e+00,5.209936390363511194e+00,5.333701994857412032e+00,5.295766010892635656e+00,5.297670667325991900e+00,2.684491559843744213e+00,2.729401964844373474e+00,2.724746071770443478e+00,2.870797165033645904e+00,2.872671276086840031e+00,2.839800535680535365e+00,2.825183068785442231e+00,2.702702862163782971e+00,2.844896228707560759e+00,2.245115153105534667e+00,2.381410780468891097e+00,2.508746965221422265e+00,1.420215725041607424e+00,1.453006436823294001e+00,1.440522891249949256e+00,2.667492157192904667e+00,2.818224502619500527e+00,2.965413684075724809e+00,3.703090491260964678e-01,4.091611039136483496e-01,4.075970434604605508e-01,9.892599963711061761e-01,7.305225576818566990e-01,1.003489805303271254e+00,0.000000000000000000e+00,0.000000000000000000e+00,0.000000000000000000e+00,3.703090491260964678e-01,4.091611039136483496e-01,4.075970434604605508e-01
8.547369931875943294e-01,4.029723569065165045e-01,8.605624496850080574e-01,5.206077197888342445e-01,5.293429385867021164e-01,5.301666245113245690e-01,9.958001823214167603e-01,2.122907319617258759e-01,1.006829955473798499e+00,5.490441102975327503e+00,5.500921273744881823e+00,5.358958111359370946e+00,5.441558202645699005e+00,4.956416929984230890e+00,5.216327102155993600e+00,5.211755552873522213e+00,5.247878738906348595e+00,5.225255556263391554e+00,2.759408191205387162e+00,2.775180459111485476e+00,2.694074651884772020e+00,2.795378762856009391e+00,2.748606860810007824e+00,2.874081853137431253e+00,2.853196810994560462e+00,2.798510626030703552e+00,2.914340760574936517e+00,2.400611498767332819e+00,2.402695635723211431e+00,2.366925607297290401e+00,1.453208205211812265e+00,1.389209066818816396e+00,1.469061686634480113e+00,2.924198836240571975e+00,2.848688877999038027e+00,2.864298288816429228e+00,3.428694273857706420e-01,4.078597085862450955e-01,4.087487487592180724e-01,9.937609213092172267e-01,7.287589448089374367e-01,1.003376906621088693e+00,0.000000000000000000e+00,0.000000000000000000e+00,0.000000000000000000e+00,3.428694273857706420e-01,4.078597085862450955e-01,4.087487487592180724e-01
